algorithm   ,K ,dataset          ,seed ,max_reward        ,profits        ,user_satisfaction ,power_violation ,runtime            ,epochs ,max_reward_epoch
gnn_act_emb ,2 ,bau_250_3000     ,  10 ,-423359.15430116  ,-2183.42878886 ,       0.99819243 ,   908.64329992 ,45.52520670053028  ,    77 ,              46
gnn_act_emb ,2 ,optimal_250_3000 ,  10 ,-51818.62945405   ,-1266.65536432 ,       0.98515212 ,   362.0429017  ,45.635403177740834 ,    78 ,              50
gnn_act_emb ,2 ,random_250_3000  ,  20 ,-1009882.27402911 ,-1181.46027288 ,       0.84522584 ,  1154.99309236 ,45.90954568651889  ,    79 ,              74
